# These are the phased ScarMapper primers that are known to work as of Feburary 18,2020
# Requires ScarMapper >= v0.11.0
# Primer Phase	Nucleotides	Read	Locus"
F0	ACGAC	R1	AAVS1.2
F1	CACGA	R1	AAVS1.2
F2	CCACG	R1	AAVS1.2
F3	GCCAC	R1	AAVS1.2
F4	GGCCA	R1	AAVS1.2
F5	CGGCC	R1	AAVS1.2
R0	AGCTT	R2	AAVS1.2
R1	CAGCT	R2	AAVS1.2
R2	GCAGC	R2	AAVS1.2
R3	TGCAG	R2	AAVS1.2
R4	CTGCA	R2	AAVS1.2
R5	GCTGC	R2	AAVS1.2
F0	TCAAG	R1	LBR2.1
F1	TTCAA	R1	LBR2.1
F2	CTTCA	R1	LBR2.1
F3	ACTTC	R1	LBR2.1
F4	GACTT	R1	LBR2.1
F5	AGACT	R1	LBR2.1
R0	TCAGC	R2	LBR2.1
R1	ATCAG	R2	LBR2.1
R2	GATCA	R2	LBR2.1
R3	TGATC	R2	LBR2.1
R4	CTGAT	R2	LBR2.1
R5	ACTGA	R2	LBR2.1
